rounded_steering,speed
-0.5,8
-0.4,15
-0.3,25
-0.2,40.71460473
-0.1,42.30342276
0,44.87026384
0.1,39.5494368
0.2,38.53365385
0.3,25
0.4,15
0.5,8
